<?xml version="1.0" encoding="UTF-8"?>
<project-private xmlns="http://www.netbeans.org/ns/project-private/1">
    <editor-bookmarks xmlns="http://www.netbeans.org/ns/editor-bookmarks/2" lastBookmarkId="0"/>
    <open-files xmlns="http://www.netbeans.org/ns/projectui-open-files/2">
        <group>
            <file>file:/C:/Users/Hashan/Documents/NetBeansProjects/lms/src/courses/UpdateCourses.java</file>
            <file>file:/C:/Users/Hashan/Documents/NetBeansProjects/lms/src/lecturers/UpdateLecturers.java</file>
            <file>file:/C:/Users/Hashan/Documents/NetBeansProjects/lms/src/lms/courses_std.java</file>
            <file>file:/C:/Users/Hashan/Documents/NetBeansProjects/lms/src/lms/CourseList.java</file>
            <file>file:/C:/Users/Hashan/Documents/NetBeansProjects/lms/src/lms/DBConnect.java</file>
            <file>file:/C:/Users/Hashan/Documents/NetBeansProjects/lms/src/courses/DeleteCourses.java</file>
            <file>file:/C:/Users/Hashan/Documents/NetBeansProjects/lms/src/lecturers/ViewLecturers.java</file>
            <file>file:/C:/Users/Hashan/Documents/NetBeansProjects/lms/src/lms/CourseContentLecturer.java</file>
            <file>file:/C:/Users/Hashan/Documents/NetBeansProjects/lms/src/lecturers/DeleteLecturers.java</file>
            <file>file:/C:/Users/Hashan/Documents/NetBeansProjects/lms/src/MainView/CoursesView.java</file>
            <file>file:/C:/Users/Hashan/Documents/NetBeansProjects/lms/src/lms/Dept.java</file>
            <file>file:/C:/Users/Hashan/Documents/NetBeansProjects/lms/src/MainView/select.java</file>
            <file>file:/C:/Users/Hashan/Documents/NetBeansProjects/lms/src/interf/login.java</file>
            <file>file:/C:/Users/Hashan/Documents/NetBeansProjects/lms/src/lms/MainValues.java</file>
            <file>file:/C:/Users/Hashan/Documents/NetBeansProjects/lms/src/courses/AddCourses.java</file>
            <file>file:/C:/Users/Hashan/Documents/NetBeansProjects/lms/src/courses/ViewCourses.java</file>
            <file>file:/C:/Users/Hashan/Documents/NetBeansProjects/lms/src/lms/CourseContent.java</file>
            <file>file:/C:/Users/Hashan/Documents/NetBeansProjects/lms/src/MainView/LectureView.java</file>
            <file>file:/C:/Users/Hashan/Documents/NetBeansProjects/lms/src/interf/StdRegister.java</file>
            <file>file:/C:/Users/Hashan/Documents/NetBeansProjects/lms/src/lecturers/AddLecturers.java</file>
        </group>
    </open-files>
</project-private>
